,Timestamp,ID,Paste your results here.
0,4/15/2022 4:43:45,73,"researchdle 6/6 80.604
5 flask
â¬›â¬›ğŸŸ©â¬›â¬›
â¬›ğŸŸ©ğŸŸ©â¬›â¬›
â¬›ğŸŸ©ğŸŸ©â¬›â¬›
â¬›ğŸŸ©ğŸŸ©ğŸŸ©â¬›
â¬›ğŸŸ©ğŸŸ©ğŸŸ©â¬›
ğŸŸ©ğŸŸ©ğŸŸ©ğŸŸ©ğŸŸ©"
1,4/15/2022 14:31:47,71,"researchdle 5/6 29.095
5 stark
ğŸŸ©â¬›â¬›ğŸŸ©ğŸŸ¨
ğŸŸ©ğŸŸ©ğŸŸ©ğŸŸ©â¬›
ğŸŸ©ğŸŸ©ğŸŸ©ğŸŸ©â¬›
ğŸŸ©ğŸŸ©ğŸŸ©ğŸŸ©â¬›
ğŸŸ©ğŸŸ©ğŸŸ©ğŸŸ©â¬›"
2,4/15/2022 15:51:50,73,"researchdle 6/6 64.68
4 burn
â¬›ğŸŸ¨â¬›â¬›
ğŸŸ¨â¬›â¬›â¬›
â¬›ğŸŸ©ğŸŸ©â¬›
â¬›ğŸŸ©ğŸŸ©â¬›
â¬›ğŸŸ©ğŸŸ©ğŸŸ©
ğŸŸ©ğŸŸ©ğŸŸ©ğŸŸ©"
3,4/15/2022 15:55:34,73,"researchdle 4/6 182.916
7 uterine
ğŸŸ¨ğŸŸ¨â¬›â¬›ğŸŸ©ğŸŸ©â¬›
â¬›ğŸŸ¨ğŸŸ¨â¬›ğŸŸ©ğŸŸ©â¬›
ğŸŸ¨ğŸŸ¨ğŸŸ¨â¬›ğŸŸ©ğŸŸ©ğŸŸ©
ğŸŸ©ğŸŸ©ğŸŸ©ğŸŸ©ğŸŸ©ğŸŸ©ğŸŸ©"
4,4/15/2022 17:15:24,71,"researchdle 3/6 19.703
4 rind
â¬›â¬›â¬›â¬›
ğŸŸ©ğŸŸ©ğŸŸ¨â¬›
ğŸŸ©ğŸŸ©ğŸŸ©ğŸŸ©"
5,4/15/2022 17:45:17,73,"researchdle 6/6 139.647
7 combine
â¬›â¬›â¬›ğŸŸ¨ğŸŸ¨â¬›â¬›
ğŸŸ©â¬›ğŸŸ¨â¬›â¬›â¬›â¬›
ğŸŸ©ğŸŸ¨ğŸŸ¨â¬›ğŸŸ¨â¬›â¬›
ğŸŸ©ğŸŸ©ğŸŸ©â¬›â¬›ğŸŸ©â¬›
ğŸŸ©ğŸŸ©ğŸŸ©â¬›ğŸŸ¨ğŸŸ©â¬›
ğŸŸ©ğŸŸ©ğŸŸ©ğŸŸ©ğŸŸ©ğŸŸ©ğŸŸ©"
6,4/15/2022 17:47:53,73,"researchdle 5/6 126.507
6 debris
â¬›ğŸŸ¨â¬›â¬›â¬›ğŸŸ©
ğŸŸ¨â¬›ğŸŸ¨ğŸŸ¨â¬›â¬›
ğŸŸ©ğŸŸ¨ğŸŸ¨â¬›â¬›ğŸŸ©
ğŸŸ©ğŸŸ¨â¬›ğŸŸ¨ğŸŸ¨ğŸŸ©
ğŸŸ©ğŸŸ©ğŸŸ©ğŸŸ©ğŸŸ©ğŸŸ©"
7,4/15/2022 17:50:58,73,"researchdle 6/6 170.091
7 recital
â¬›ğŸŸ¨ğŸŸ¨â¬›â¬›ğŸŸ¨â¬›
ğŸŸ¨ğŸŸ¨â¬›â¬›â¬›â¬›â¬›
â¬›ğŸŸ¨ğŸŸ¨â¬›ğŸŸ¨ğŸŸ¨â¬›
ğŸŸ©ğŸŸ©â¬›ğŸŸ¨ğŸŸ¨ğŸŸ¨ğŸŸ¨
ğŸŸ©ğŸŸ©ğŸŸ©ğŸŸ¨ğŸŸ¨ğŸŸ¨â¬›
ğŸŸ©ğŸŸ©ğŸŸ©ğŸŸ©ğŸŸ©ğŸŸ©ğŸŸ©"
8,4/15/2022 17:53:14,73,"researchdle 3/6 117.941
6 dollar
â¬›ğŸŸ¨ğŸŸ¨â¬›â¬›â¬›
â¬›ğŸŸ¨ğŸŸ¨â¬›â¬›ğŸŸ©
ğŸŸ©ğŸŸ©ğŸŸ©ğŸŸ©ğŸŸ©ğŸŸ©"
9,4/15/2022 17:57:14,73,"researchdle X/6 187.219
6 accent
â¬›â¬›ğŸŸ¨ğŸŸ¨ğŸŸ¨â¬›
ğŸŸ¨â¬›ğŸŸ¨ğŸŸ¨ğŸŸ¨â¬›
â¬›ğŸŸ¨ğŸŸ¨â¬›ğŸŸ¨â¬›
â¬›â¬›â¬›ğŸŸ¨ğŸŸ¨â¬›
ğŸŸ¨ğŸŸ¨ğŸŸ¨â¬›ğŸŸ¨â¬›
ğŸŸ©ğŸŸ©ğŸŸ¨â¬›ğŸŸ©â¬›"
10,4/15/2022 18:47:40,73,"researchdle 4/6 272.058
6 glover
â¬›â¬›ğŸŸ©ğŸŸ¨â¬›â¬›
â¬›ğŸŸ¨ğŸŸ©ğŸŸ¨â¬›â¬›
â¬›ğŸŸ©ğŸŸ©â¬›ğŸŸ©ğŸŸ©
ğŸŸ©ğŸŸ©ğŸŸ©ğŸŸ©ğŸŸ©ğŸŸ©"
11,4/15/2022 18:48:50,73,"researchdle 4/6 63.992
4 head
â¬›ğŸŸ¨â¬›â¬›
â¬›ğŸŸ©ğŸŸ©â¬›
â¬›ğŸŸ©ğŸŸ©â¬›
ğŸŸ©ğŸŸ©ğŸŸ©ğŸŸ©"
12,4/16/2022 0:10:50,83,"researchdle 3/6 60.001
6 plough
â¬›â¬›â¬›â¬›â¬›â¬›
â¬›ğŸŸ©â¬›â¬›ğŸŸ©â¬›
ğŸŸ©ğŸŸ©ğŸŸ©ğŸŸ©ğŸŸ©ğŸŸ©"
13,4/16/2022 0:12:35,83,"researchdle 4/6 96.459
5 derby
â¬›â¬›â¬›ğŸŸ¨ğŸŸ¨
â¬›â¬›â¬›â¬›ğŸŸ¨
â¬›â¬›â¬›â¬›â¬›
ğŸŸ©ğŸŸ©ğŸŸ©ğŸŸ©ğŸŸ©"
14,4/16/2022 0:15:13,83,"researchdle 4/6 149.276
4 high
â¬›â¬›â¬›â¬›
â¬›â¬›â¬›â¬›
â¬›ğŸŸ©â¬›â¬›
ğŸŸ©ğŸŸ©ğŸŸ©ğŸŸ©"
15,4/16/2022 0:17:59,83,"researchdle 5/6 156.998
4 navy
â¬›â¬›â¬›â¬›
â¬›â¬›ğŸŸ¨ğŸŸ¨
â¬›ğŸŸ©ğŸŸ¨â¬›
ğŸŸ©ğŸŸ©â¬›ğŸŸ©
ğŸŸ©ğŸŸ©ğŸŸ©ğŸŸ©"
16,4/16/2022 0:18:38,83,"researchdle 3/6 30.565
4 tone
â¬›ğŸŸ¨â¬›ğŸŸ¨
â¬›â¬›â¬›ğŸŸ¨
ğŸŸ©ğŸŸ©ğŸŸ©ğŸŸ©"
17,4/16/2022 0:23:20,83,"researchdle 5/6 274.855
4 roll
â¬›â¬›â¬›â¬›
â¬›ğŸŸ¨â¬›â¬›
â¬›â¬›ğŸŸ¨â¬›
ğŸŸ¨ğŸŸ©â¬›â¬›
ğŸŸ©ğŸŸ©ğŸŸ©ğŸŸ©"
18,4/16/2022 0:24:56,83,"researchdle 5/6 21.02
5 staff
ğŸŸ©ğŸŸ©ğŸŸ©â¬›â¬›
ğŸŸ©ğŸŸ©ğŸŸ©â¬›â¬›
ğŸŸ©ğŸŸ©ğŸŸ©â¬›â¬›
ğŸŸ©ğŸŸ©ğŸŸ©â¬›â¬›
ğŸŸ©ğŸŸ©ğŸŸ©ğŸŸ©ğŸŸ©"
19,4/16/2022 0:25:15,83,"researchdle 3/6 6.774
5 share
ğŸŸ©â¬›ğŸŸ©ğŸŸ©ğŸŸ©
ğŸŸ©â¬›ğŸŸ©ğŸŸ©ğŸŸ©
ğŸŸ©ğŸŸ©ğŸŸ©ğŸŸ©ğŸŸ©"
20,4/16/2022 0:28:56,83,"researchdle 5/6 211.684
6 bamboo
â¬›â¬›ğŸŸ¨â¬›â¬›â¬›
â¬›â¬›â¬›â¬›â¬›â¬›
ğŸŸ¨â¬›â¬›ğŸŸ¨ğŸŸ¨ğŸŸ¨
â¬›ğŸŸ¨ğŸŸ©ğŸŸ©ğŸŸ¨â¬›
ğŸŸ©ğŸŸ©ğŸŸ©ğŸŸ©ğŸŸ©ğŸŸ©"
21,4/16/2022 0:37:34,71,"researchdle 3/6 28.122
5 chain
â¬›â¬›â¬›â¬›â¬›
ğŸŸ¨ğŸŸ¨ğŸŸ¨â¬›â¬›
ğŸŸ©ğŸŸ©ğŸŸ©ğŸŸ©ğŸŸ©"
22,4/16/2022 16:08:05,73,"researchdle 6/6 300.897
7 request
â¬›â¬›â¬›â¬›ğŸŸ©ğŸŸ¨ğŸŸ¨
ğŸŸ©ğŸŸ©â¬›â¬›ğŸŸ©â¬›â¬›
ğŸŸ©ğŸŸ©ğŸŸ¨ğŸŸ¨â¬›â¬›â¬›
â¬›ğŸŸ©â¬›â¬›ğŸŸ©ğŸŸ©ğŸŸ©
ğŸŸ©ğŸŸ©â¬›â¬›ğŸŸ©ğŸŸ©ğŸŸ©
ğŸŸ©ğŸŸ©ğŸŸ©ğŸŸ©ğŸŸ©ğŸŸ©ğŸŸ© "
23,4/16/2022 16:10:40,73,"researchdle 4/6 144.417
6 cation
â¬›â¬›â¬›ğŸŸ©ğŸŸ¨â¬›
â¬›â¬›ğŸŸ¨ğŸŸ¨â¬›â¬›
ğŸŸ©ğŸŸ©ğŸŸ¨ğŸŸ©â¬›â¬›
ğŸŸ©ğŸŸ©ğŸŸ©ğŸŸ©ğŸŸ©ğŸŸ©"
24,4/16/2022 16:18:23,73,"researchdle 6/6 454.652
6 highly
â¬›â¬›â¬›ğŸŸ¨â¬›â¬›
â¬›ğŸŸ¨ğŸŸ¨â¬›â¬›â¬›
â¬›ğŸŸ©ğŸŸ¨â¬›â¬›â¬›
â¬›ğŸŸ©ğŸŸ©â¬›ğŸŸ©â¬›
â¬›â¬›ğŸŸ©ğŸŸ¨â¬›â¬›
ğŸŸ©ğŸŸ©ğŸŸ©ğŸŸ©ğŸŸ©ğŸŸ©"
25,4/16/2022 16:24:47,71,"researchdle X/6 116.056
6 marvel
â¬›â¬›â¬›ğŸŸ¨â¬›â¬›
â¬›ğŸŸ¨ğŸŸ¨ğŸŸ¨ğŸŸ¨â¬›
ğŸŸ¨ğŸŸ¨ğŸŸ¨ğŸŸ¨â¬›â¬›
â¬›â¬›ğŸŸ¨ğŸŸ¨ğŸŸ¨â¬›
ğŸŸ©ğŸŸ©ğŸŸ©â¬›â¬›â¬›
ğŸŸ©ğŸŸ©ğŸŸ©â¬›ğŸŸ©â¬›"
26,4/16/2022 16:25:52,71,"researchdle 5/6 56.241
5 cable
â¬›â¬›â¬›â¬›â¬›
ğŸŸ¨â¬›â¬›â¬›ğŸŸ©
ğŸŸ¨ğŸŸ¨ğŸŸ¨â¬›ğŸŸ©
ğŸŸ¨ğŸŸ©ğŸŸ©ğŸŸ¨â¬›
ğŸŸ©ğŸŸ©ğŸŸ©ğŸŸ©ğŸŸ©"
27,4/16/2022 16:27:49,71,"researchdle 5/6 106.703
6 palace
â¬›ğŸŸ¨ğŸŸ¨â¬›â¬›â¬›
â¬›ğŸŸ¨ğŸŸ¨ğŸŸ¨â¬›â¬›
â¬›â¬›â¬›ğŸŸ¨ğŸŸ¨ğŸŸ¨
ğŸŸ©ğŸŸ©ğŸŸ©â¬›ğŸŸ¨â¬›
ğŸŸ©ğŸŸ©ğŸŸ©ğŸŸ©ğŸŸ©ğŸŸ©"
28,4/16/2022 16:28:50,71,"researchdle 5/6 52.763
5 ridge
â¬›â¬›â¬›ğŸŸ¨â¬›
â¬›â¬›ğŸŸ¨â¬›ğŸŸ©
â¬›ğŸŸ¨ğŸŸ¨ğŸŸ¨ğŸŸ©
ğŸŸ¨ğŸŸ©â¬›ğŸŸ¨ğŸŸ¨
ğŸŸ©ğŸŸ©ğŸŸ©ğŸŸ©ğŸŸ©"
29,4/16/2022 16:29:46,71,"researchdle 5/6 46.507
4 coil
â¬›ğŸŸ©â¬›â¬›
â¬›ğŸŸ©â¬›â¬›
ğŸŸ¨ğŸŸ©â¬›â¬›
â¬›ğŸŸ©ğŸŸ¨â¬›
ğŸŸ©ğŸŸ©ğŸŸ©ğŸŸ©"
30,4/16/2022 16:31:53,71,"researchdle 5/6 116.498
5 raven
â¬›â¬›â¬›ğŸŸ¨â¬›
ğŸŸ¨ğŸŸ¨â¬›â¬›ğŸŸ¨
â¬›ğŸŸ¨ğŸŸ¨ğŸŸ¨â¬›
ğŸŸ¨ğŸŸ©â¬›ğŸŸ©ğŸŸ¨
ğŸŸ©ğŸŸ©ğŸŸ©ğŸŸ©ğŸŸ©"
31,4/16/2022 16:32:14,71,"researchdle 5/6 9.825
4 lone
â¬›ğŸŸ©â¬›â¬›
â¬›ğŸŸ©â¬›ğŸŸ¨
ğŸŸ©ğŸŸ©â¬›â¬›
ğŸŸ©ğŸŸ©ğŸŸ©â¬›
ğŸŸ©ğŸŸ©ğŸŸ©ğŸŸ©"
32,4/16/2022 16:35:36,71,"researchdle 5/6 177.1
7 imagery
â¬›â¬›ğŸŸ¨ğŸŸ¨ğŸŸ¨â¬›â¬›
ğŸŸ¨ğŸŸ¨ğŸŸ©â¬›ğŸŸ¨â¬›ğŸŸ©
â¬›ğŸŸ¨ğŸŸ¨â¬›ğŸŸ¨ğŸŸ¨â¬›
ğŸŸ©ğŸŸ¨â¬›ğŸŸ¨â¬›â¬›â¬›
ğŸŸ©ğŸŸ©ğŸŸ©ğŸŸ©ğŸŸ©ğŸŸ©ğŸŸ©"
33,4/16/2022 16:35:59,71,"researchdle 3/6 15.836
5 upset
ğŸŸ¨ğŸŸ©â¬›â¬›ğŸŸ©
â¬›â¬›â¬›â¬›ğŸŸ¨
ğŸŸ©ğŸŸ©ğŸŸ©ğŸŸ©ğŸŸ©"
34,4/16/2022 16:39:14,71,"researchdle 6/6 186.408
7 spatial
ğŸŸ©ğŸŸ©â¬›â¬›ğŸŸ¨â¬›â¬›
ğŸŸ©ğŸŸ©ğŸŸ¨ğŸŸ¨â¬›ğŸŸ¨â¬›
ğŸŸ©ğŸŸ©ğŸŸ¨â¬›â¬›ğŸŸ¨â¬›
ğŸŸ©ğŸŸ©ğŸŸ©â¬›â¬›â¬›â¬›
ğŸŸ©ğŸŸ©ğŸŸ©â¬›â¬›ğŸŸ¨â¬›
ğŸŸ©ğŸŸ©ğŸŸ©ğŸŸ©ğŸŸ©ğŸŸ©ğŸŸ©"
35,4/16/2022 16:39:39,71,"researchdle 3/6 18.017
5 brunt
â¬›â¬›â¬›ğŸŸ¨ğŸŸ©
â¬›ğŸŸ¨â¬›â¬›â¬›
ğŸŸ©ğŸŸ©ğŸŸ©ğŸŸ©ğŸŸ©"
36,4/16/2022 16:40:21,71,"researchdle 6/6 33.118
5 touch
â¬›â¬›ğŸŸ¨â¬›ğŸŸ¨
â¬›â¬›â¬›â¬›â¬›
â¬›ğŸŸ©ğŸŸ©â¬›â¬›
ğŸŸ©ğŸŸ©ğŸŸ©â¬›â¬›
ğŸŸ©ğŸŸ©ğŸŸ©â¬›ğŸŸ©
ğŸŸ©ğŸŸ©ğŸŸ©ğŸŸ©ğŸŸ©"
37,4/16/2022 16:40:56,71,"researchdle 4/6 26.583
5 cobra
â¬›â¬›ğŸŸ¨ğŸŸ©â¬›
â¬›ğŸŸ©ğŸŸ¨ğŸŸ¨â¬›
ğŸŸ¨ğŸŸ©ğŸŸ¨ğŸŸ©â¬›
ğŸŸ©ğŸŸ©ğŸŸ©ğŸŸ©ğŸŸ©"
38,4/16/2022 16:44:36,71,"researchdle 6/6 191.294
7 waiting
â¬›â¬›â¬›â¬›ğŸŸ¨â¬›â¬›
â¬›â¬›â¬›ğŸŸ¨â¬›â¬›â¬›
â¬›ğŸŸ©ğŸŸ¨â¬›â¬›â¬›â¬›
ğŸŸ¨ğŸŸ©ğŸŸ¨ğŸŸ¨ğŸŸ©â¬›â¬›
â¬›ğŸŸ©â¬›â¬›ğŸŸ©ğŸŸ©ğŸŸ©
ğŸŸ©ğŸŸ©ğŸŸ©ğŸŸ©ğŸŸ©ğŸŸ©ğŸŸ©"
39,4/16/2022 16:49:40,71,"researchdle 4/6 94.097
7 further
â¬›â¬›â¬›â¬›â¬›ğŸŸ¨â¬›
ğŸŸ©â¬›ğŸŸ©ğŸŸ©â¬›ğŸŸ©â¬›
ğŸŸ©â¬›ğŸŸ©ğŸŸ©ğŸŸ©ğŸŸ©ğŸŸ©
ğŸŸ©ğŸŸ©ğŸŸ©ğŸŸ©ğŸŸ©ğŸŸ©ğŸŸ©"
40,4/16/2022 16:51:50,71,"researchdle 6/6 119.79
5 visit
ğŸŸ¨â¬›â¬›â¬›ğŸŸ©
â¬›â¬›â¬›ğŸŸ¨ğŸŸ©
ğŸŸ¨â¬›ğŸŸ¨â¬›ğŸŸ©
â¬›ğŸŸ©ğŸŸ©ğŸŸ¨â¬›
â¬›â¬›â¬›â¬›ğŸŸ¨
ğŸŸ©ğŸŸ©ğŸŸ©ğŸŸ©ğŸŸ©"
41,4/16/2022 16:59:43,71,"researchdle 5/6 132.344
6 trance
â¬›ğŸŸ©â¬›ğŸŸ¨â¬›ğŸŸ¨
ğŸŸ©ğŸŸ©ğŸŸ¨ğŸŸ¨â¬›â¬›
ğŸŸ©ğŸŸ©ğŸŸ©â¬›ğŸŸ¨â¬›
ğŸŸ©ğŸŸ©ğŸŸ©â¬›ğŸŸ¨â¬›
ğŸŸ©ğŸŸ©ğŸŸ©ğŸŸ©ğŸŸ©ğŸŸ©"
42,4/16/2022 17:00:21,71,"researchdle 3/6 29.442
5 cable
ğŸŸ¨â¬›â¬›â¬›ğŸŸ©
â¬›â¬›ğŸŸ¨â¬›ğŸŸ©
ğŸŸ©ğŸŸ©ğŸŸ©ğŸŸ©ğŸŸ©"
43,4/16/2022 17:02:13,71,"researchdle 4/6 102.279
7 hapless
ğŸŸ¨ğŸŸ¨â¬›ğŸŸ¨ğŸŸ¨â¬›ğŸŸ©
ğŸŸ¨ğŸŸ¨ğŸŸ¨ğŸŸ¨ğŸŸ¨â¬›ğŸŸ©
â¬›â¬›â¬›â¬›ğŸŸ©ğŸŸ©ğŸŸ©
ğŸŸ©ğŸŸ©ğŸŸ©ğŸŸ©ğŸŸ©ğŸŸ©ğŸŸ©"
44,4/16/2022 17:02:40,71,"researchdle 3/6 19.837
6 safely
ğŸŸ©â¬›â¬›ğŸŸ©ğŸŸ¨â¬›
ğŸŸ©ğŸŸ©ğŸŸ©ğŸŸ©â¬›ğŸŸ©
ğŸŸ©ğŸŸ©ğŸŸ©ğŸŸ©ğŸŸ©ğŸŸ©"
45,4/16/2022 17:05:45,71,"researchdle X/6 175.374
7 papyrus
â¬›ğŸŸ¨ğŸŸ¨â¬›ğŸŸ¨â¬›ğŸŸ©
ğŸŸ©ğŸŸ¨â¬›ğŸŸ¨â¬›â¬›â¬›
ğŸŸ¨â¬›â¬›â¬›ğŸŸ¨â¬›â¬›
â¬›ğŸŸ¨â¬›â¬›ğŸŸ¨â¬›ğŸŸ©
â¬›â¬›ğŸŸ¨â¬›â¬›â¬›ğŸŸ¨
ğŸŸ©ğŸŸ©â¬›ğŸŸ¨â¬›ğŸŸ¨ğŸŸ©"
46,4/16/2022 17:06:59,71,"researchdle 3/6 7.744
5 third
â¬›â¬›â¬›ğŸŸ©ğŸŸ¨
â¬›â¬›ğŸŸ©â¬›â¬›
ğŸŸ©ğŸŸ©ğŸŸ©ğŸŸ©ğŸŸ©"
47,4/16/2022 17:07:31,71,"researchdle 6/6 24.495
4 coal
â¬›â¬›ğŸŸ¨â¬›
â¬›â¬›â¬›â¬›
â¬›â¬›ğŸŸ¨â¬›
â¬›ğŸŸ©ğŸŸ¨â¬›
ğŸŸ¨ğŸŸ©ğŸŸ©â¬›
ğŸŸ©ğŸŸ©ğŸŸ©ğŸŸ©"
48,4/16/2022 23:17:23,71,"researchdle 4/6 134.531
6 facile
â¬›â¬›ğŸŸ¨ğŸŸ¨â¬›â¬›
ğŸŸ©ğŸŸ¨ğŸŸ¨â¬›ğŸŸ¨â¬›
ğŸŸ©ğŸŸ¨ğŸŸ©â¬›ğŸŸ©ğŸŸ©
ğŸŸ©ğŸŸ©ğŸŸ©ğŸŸ©ğŸŸ©ğŸŸ©"
49,4/16/2022 23:20:27,71,"researchdle 5/6 146.589
6 thrift
â¬›â¬›ğŸŸ©â¬›â¬›â¬›
â¬›â¬›ğŸŸ©ğŸŸ©â¬›â¬›
â¬›ğŸŸ¨ğŸŸ©ğŸŸ©â¬›ğŸŸ©
ğŸŸ©â¬›â¬›ğŸŸ©â¬›â¬›
ğŸŸ©ğŸŸ©ğŸŸ©ğŸŸ©ğŸŸ©ğŸŸ©"
50,4/16/2022 23:23:07,71,"researchdle 5/6 151.482
7 bending
â¬›â¬›â¬›ğŸŸ¨â¬›â¬›â¬›
ğŸŸ¨ğŸŸ¨â¬›â¬›ğŸŸ¨ğŸŸ¨â¬›
â¬›ğŸŸ¨ğŸŸ¨ğŸŸ©ğŸŸ¨â¬›â¬›
ğŸŸ©â¬›ğŸŸ©ğŸŸ©â¬›ğŸŸ¨ğŸŸ¨
ğŸŸ©ğŸŸ©ğŸŸ©ğŸŸ©ğŸŸ©ğŸŸ©ğŸŸ©"
51,4/16/2022 23:30:25,71,"researchdle X/6 408.145
6 ataxia
â¬›â¬›ğŸŸ¨â¬›â¬›ğŸŸ¨
â¬›ğŸŸ¨â¬›ğŸŸ¨â¬›â¬›
ğŸŸ¨â¬›â¬›ğŸŸ¨â¬›â¬›
â¬›â¬›â¬›ğŸŸ¨ğŸŸ©â¬›
â¬›â¬›ğŸŸ¨â¬›ğŸŸ©â¬›
â¬›ğŸŸ¨â¬›ğŸŸ¨â¬›â¬›"
52,4/16/2022 23:32:37,71,"researchdle 6/6 81.998
5 final
â¬›â¬›â¬›â¬›â¬›
ğŸŸ¨ğŸŸ¨ğŸŸ¨â¬›â¬›
â¬›ğŸŸ¨ğŸŸ¨ğŸŸ¨â¬›
ğŸŸ¨ğŸŸ¨â¬›ğŸŸ¨â¬›
â¬›ğŸŸ©ğŸŸ¨â¬›â¬›
ğŸŸ©ğŸŸ©ğŸŸ©ğŸŸ©ğŸŸ©"
53,4/16/2022 23:33:06,71,"researchdle 6/6 22.388
4 left
â¬›â¬›â¬›ğŸŸ©
â¬›â¬›â¬›ğŸŸ¨
â¬›â¬›â¬›ğŸŸ©
â¬›ğŸŸ©â¬›ğŸŸ©
ğŸŸ¨ğŸŸ©ğŸŸ¨ğŸŸ©
ğŸŸ©ğŸŸ©ğŸŸ©ğŸŸ©"
54,4/16/2022 23:33:29,71,"researchdle 3/6 15.277
5 morse
ğŸŸ¨â¬›ğŸŸ¨ğŸŸ¨â¬›
ğŸŸ¨ğŸŸ©â¬›ğŸŸ©â¬›
ğŸŸ©ğŸŸ©ğŸŸ©ğŸŸ©ğŸŸ©"
55,4/16/2022 23:34:44,71,"researchdle 6/6 46.141
4 gown
â¬›ğŸŸ©â¬›â¬›
â¬›ğŸŸ©â¬›â¬›
â¬›ğŸŸ©â¬›ğŸŸ©
â¬›ğŸŸ©â¬›ğŸŸ©
â¬›ğŸŸ©â¬›ğŸŸ©
ğŸŸ©ğŸŸ©ğŸŸ©ğŸŸ©"
56,4/16/2022 23:37:00,71,"researchdle 5/6 124.736
7 asunder
ğŸŸ¨â¬›ğŸŸ¨ğŸŸ¨ğŸŸ¨ğŸŸ¨â¬›
â¬›ğŸŸ¨â¬›ğŸŸ¨ğŸŸ¨ğŸŸ©ğŸŸ¨
ğŸŸ¨ğŸŸ¨â¬›â¬›â¬›ğŸŸ©ğŸŸ¨
ğŸŸ¨â¬›ğŸŸ¨ğŸŸ©ğŸŸ©ğŸŸ©ğŸŸ©
ğŸŸ©ğŸŸ©ğŸŸ©ğŸŸ©ğŸŸ©ğŸŸ©ğŸŸ©"
57,4/16/2022 23:37:42,71,"researchdle 5/6 27.982
7 gradual
â¬›ğŸŸ©â¬›ğŸŸ¨â¬›â¬›ğŸŸ¨
â¬›ğŸŸ©ğŸŸ©â¬›â¬›â¬›ğŸŸ¨
ğŸŸ¨ğŸŸ©ğŸŸ©â¬›â¬›â¬›ğŸŸ¨
ğŸŸ©ğŸŸ©ğŸŸ©â¬›â¬›â¬›ğŸŸ¨
ğŸŸ©ğŸŸ©ğŸŸ©ğŸŸ©ğŸŸ©ğŸŸ©ğŸŸ©"
58,4/16/2022 23:38:30,71,"researchdle 3/6 5.054
4 fist
â¬›â¬›ğŸŸ©ğŸŸ©
â¬›ğŸŸ©ğŸŸ©ğŸŸ©
ğŸŸ©ğŸŸ©ğŸŸ©ğŸŸ©"
59,4/16/2022 23:39:24,71,"researchdle 5/6 48.365
4 flat
â¬›â¬›â¬›ğŸŸ©
â¬›â¬›â¬›ğŸŸ©
â¬›ğŸŸ¨â¬›ğŸŸ©
â¬›â¬›ğŸŸ©ğŸŸ©
ğŸŸ©ğŸŸ©ğŸŸ©ğŸŸ©"
60,4/17/2022 20:15:06,71,"researchdle 6/6 202.752
4 limb
â¬›â¬›â¬›â¬›
ğŸŸ¨ğŸŸ©â¬›â¬›
â¬›ğŸŸ©ğŸŸ¨ğŸŸ¨
ğŸŸ©ğŸŸ©ğŸŸ©â¬›
ğŸŸ©ğŸŸ©ğŸŸ©â¬›
ğŸŸ©ğŸŸ©ğŸŸ©ğŸŸ©"
61,4/18/2022 14:09:43,73,"researchdle X/6 87.647
5 rally
â¬›ğŸŸ¨ğŸŸ¨â¬›â¬›
â¬›ğŸŸ¨â¬›ğŸŸ¨ğŸŸ¨
ğŸŸ¨â¬›â¬›â¬›ğŸŸ¨
ğŸŸ©ğŸŸ©â¬›â¬›â¬›
ğŸŸ©ğŸŸ©â¬›â¬›ğŸŸ©
ğŸŸ©ğŸŸ©â¬›â¬›ğŸŸ©"
62,4/18/2022 14:11:21,73,"researchdle 6/6 91.519
4 thou
â¬›ğŸŸ¨â¬›â¬›
ğŸŸ¨â¬›â¬›â¬›
â¬›â¬›ğŸŸ©â¬›
â¬›â¬›ğŸŸ©â¬›
â¬›â¬›ğŸŸ©ğŸŸ¨
ğŸŸ©ğŸŸ©ğŸŸ©ğŸŸ©"
63,4/18/2022 19:10:49,73,"researchdle 6/6 95.417
4 kite
â¬›â¬›â¬›â¬›
â¬›â¬›ğŸŸ¨â¬›
ğŸŸ¨ğŸŸ¨ğŸŸ¨â¬›
ğŸŸ¨â¬›ğŸŸ¨ğŸŸ¨
â¬›ğŸŸ¨ğŸŸ©ğŸŸ¨
ğŸŸ©ğŸŸ©ğŸŸ©ğŸŸ©"
64,4/18/2022 19:12:26,73,"researchdle 3/6 86.262
5 newly
ğŸŸ¨ğŸŸ¨â¬›â¬›ğŸŸ©
â¬›â¬›â¬›ğŸŸ¨ğŸŸ©
ğŸŸ©ğŸŸ©ğŸŸ©ğŸŸ©ğŸŸ©"
65,4/15/2022 21:30:37,37,"researchdle 5/6 612.679
6 orient
â¬›ğŸŸ©ğŸŸ©ğŸŸ¨â¬›â¬›
â¬›ğŸŸ©ğŸŸ©â¬›ğŸŸ¨ğŸŸ¨
â¬›ğŸŸ©ğŸŸ©ğŸŸ©ğŸŸ©â¬›
ğŸŸ¨ğŸŸ©ğŸŸ©ğŸŸ©ğŸŸ©â¬›
ğŸŸ©ğŸŸ©ğŸŸ©ğŸŸ©ğŸŸ©ğŸŸ©"
66,4/15/2022 21:34:11,37,"researchdle 3/6 72.575
6 carrot
ğŸŸ¨ğŸŸ¨â¬›â¬›â¬›ğŸŸ©
â¬›ğŸŸ¨ğŸŸ¨â¬›â¬›ğŸŸ©
ğŸŸ©ğŸŸ©ğŸŸ©ğŸŸ©ğŸŸ©ğŸŸ©"
67,4/15/2022 21:38:24,37,"researchdle 5/6 151.366
4 wade
â¬›ğŸŸ©â¬›â¬›
â¬›ğŸŸ©â¬›â¬›
â¬›ğŸŸ©ğŸŸ¨â¬›
ğŸŸ©ğŸŸ©â¬›ğŸŸ©
ğŸŸ©ğŸŸ©ğŸŸ©ğŸŸ©"
68,4/15/2022 21:48:51,37,"researchdle 4/6 582.516
6 script
ğŸŸ¨â¬›â¬›â¬›â¬›ğŸŸ©
ğŸŸ©ğŸŸ¨ğŸŸ¨â¬›â¬›ğŸŸ©
ğŸŸ©â¬›ğŸŸ¨â¬›â¬›ğŸŸ©
ğŸŸ©ğŸŸ©ğŸŸ©ğŸŸ©ğŸŸ©ğŸŸ©"
69,4/15/2022 22:44:36,37,"researchdle 4/6 108.481
6 rabies
â¬›ğŸŸ¨ğŸŸ¨ğŸŸ¨â¬›â¬›
ğŸŸ©ğŸŸ¨â¬›ğŸŸ¨â¬›ğŸŸ©
ğŸŸ©ğŸŸ¨â¬›ğŸŸ©â¬›â¬›
ğŸŸ©ğŸŸ©ğŸŸ©ğŸŸ©ğŸŸ©ğŸŸ©"
70,4/15/2022 22:48:43,37,"researchdle 4/6 52.95
7 driving
â¬›â¬›ğŸŸ¨â¬›ğŸŸ©â¬›â¬›
ğŸŸ¨â¬›â¬›â¬›ğŸŸ©ğŸŸ©ğŸŸ©
ğŸŸ©ğŸŸ©â¬›â¬›ğŸŸ©ğŸŸ©ğŸŸ©
ğŸŸ©ğŸŸ©ğŸŸ©ğŸŸ©ğŸŸ©ğŸŸ©ğŸŸ©"
71,4/15/2022 22:51:53,37,"researchdle X/6 149.225
5 finch
â¬›â¬›ğŸŸ¨â¬›â¬›
â¬›ğŸŸ©ğŸŸ©â¬›â¬›
â¬›ğŸŸ©ğŸŸ©â¬›â¬›
â¬›ğŸŸ©ğŸŸ©â¬›â¬›
â¬›ğŸŸ©ğŸŸ©â¬›â¬›
â¬›ğŸŸ©ğŸŸ©â¬›â¬›"
72,4/15/2022 22:53:08,37,"researchdle 4/6 51.279
4 earn
â¬›ğŸŸ©ğŸŸ©ğŸŸ©
â¬›ğŸŸ©ğŸŸ©ğŸŸ©
â¬›ğŸŸ©ğŸŸ©ğŸŸ©
ğŸŸ©ğŸŸ©ğŸŸ©ğŸŸ©"
73,4/16/2022 9:45:57,37,"researchdle X/6 85.574
5 baton
ğŸŸ¨â¬›â¬›â¬›â¬›
â¬›ğŸŸ©â¬›ğŸŸ¨â¬›
ğŸŸ¨ğŸŸ©â¬›â¬›â¬›
ğŸŸ©ğŸŸ©â¬›â¬›â¬›
ğŸŸ©ğŸŸ©â¬›â¬›â¬›
ğŸŸ©ğŸŸ©ğŸŸ¨â¬›ğŸŸ¨"
74,4/16/2022 10:13:18,37,"researchdle 6/6 1603.962
7 dynasty
â¬›ğŸŸ¨â¬›ğŸŸ¨â¬›â¬›ğŸŸ¨
ğŸŸ¨ğŸŸ¨â¬›ğŸŸ¨â¬›ğŸŸ¨â¬›
ğŸŸ¨ğŸŸ¨â¬›â¬›â¬›ğŸŸ¨ğŸŸ¨
ğŸŸ¨ğŸŸ¨â¬›â¬›ğŸŸ¨ğŸŸ¨ğŸŸ¨
ğŸŸ¨ğŸŸ¨ğŸŸ¨â¬›â¬›ğŸŸ¨â¬›
ğŸŸ©ğŸŸ©ğŸŸ©ğŸŸ©ğŸŸ©ğŸŸ©ğŸŸ©"
75,4/16/2022 15:33:47,37,"researchdle X/6 1624.798
7 aquifer
â¬›ğŸŸ¨ğŸŸ¨â¬›ğŸŸ¨ğŸŸ©â¬›
â¬›ğŸŸ¨ğŸŸ¨ğŸŸ©â¬›ğŸŸ©â¬›
â¬›â¬›ğŸŸ¨ğŸŸ©â¬›ğŸŸ©â¬›
â¬›ğŸŸ¨ğŸŸ¨ğŸŸ©â¬›ğŸŸ©â¬›
ğŸŸ¨â¬›â¬›ğŸŸ©â¬›ğŸŸ©â¬›
ğŸŸ©â¬›â¬›ğŸŸ©ğŸŸ¨ğŸŸ©â¬›"
76,4/16/2022 15:43:55,37,"researchdle 6/6 582.793
7 locking
â¬›â¬›â¬›ğŸŸ¨â¬›â¬›â¬›
ğŸŸ¨â¬›ğŸŸ¨â¬›ğŸŸ¨â¬›â¬›
â¬›â¬›ğŸŸ¨ğŸŸ¨â¬›â¬›â¬›
â¬›â¬›ğŸŸ¨â¬›ğŸŸ©ğŸŸ¨ğŸŸ¨
ğŸŸ¨ğŸŸ©â¬›ğŸŸ¨ğŸŸ©ğŸŸ©ğŸŸ©
ğŸŸ©ğŸŸ©ğŸŸ©ğŸŸ©ğŸŸ©ğŸŸ©ğŸŸ©"
77,4/16/2022 20:11:32,59,"researchdle 4/6 580.59
4 bird
â¬›â¬›â¬›ğŸŸ¨
ğŸŸ©ğŸŸ¨ğŸŸ¨â¬›
ğŸŸ©ğŸŸ©ğŸŸ©â¬›
ğŸŸ©ğŸŸ©ğŸŸ©ğŸŸ©"
78,4/16/2022 20:13:32,59,"researchdle 6/6 98.08
5 smear
ğŸŸ¨â¬›â¬›ğŸŸ¨â¬›
ğŸŸ¨â¬›â¬›â¬›â¬›
â¬›ğŸŸ¨ğŸŸ©ğŸŸ©â¬›
ğŸŸ©â¬›ğŸŸ©â¬›â¬›
ğŸŸ©â¬›ğŸŸ©ğŸŸ©ğŸŸ¨
ğŸŸ©ğŸŸ©ğŸŸ©ğŸŸ©ğŸŸ©"
79,4/16/2022 20:15:43,59,"researchdle 6/6 93.535
5 using
â¬›â¬›ğŸŸ©â¬›ğŸŸ¨
ğŸŸ¨ğŸŸ¨ğŸŸ©â¬›â¬›
â¬›ğŸŸ¨ğŸŸ¨â¬›â¬›
â¬›â¬›ğŸŸ©ğŸŸ©ğŸŸ©
ğŸŸ¨ğŸŸ¨ğŸŸ©ğŸŸ©ğŸŸ©
ğŸŸ©ğŸŸ©ğŸŸ©ğŸŸ©ğŸŸ©"
80,4/16/2022 20:18:34,59,"researchdle 5/6 73.703
4 mole
â¬›ğŸŸ©â¬›â¬›
â¬›â¬›â¬›â¬›
â¬›ğŸŸ©ğŸŸ©â¬›
ğŸŸ©ğŸŸ©ğŸŸ©â¬›
ğŸŸ©ğŸŸ©ğŸŸ©ğŸŸ©"
81,4/16/2022 23:29:57,37,"researchdle 4/6 459.45
7 warrant
â¬›ğŸŸ©ğŸŸ©ğŸŸ¨â¬›â¬›â¬›
â¬›ğŸŸ©ğŸŸ©â¬›â¬›ğŸŸ©â¬›
ğŸŸ¨ğŸŸ©ğŸŸ©â¬›ğŸŸ©ğŸŸ©â¬›
ğŸŸ©ğŸŸ©ğŸŸ©ğŸŸ©ğŸŸ©ğŸŸ©ğŸŸ©"
82,4/16/2022 23:39:34,37,"researchdle 5/6 554.248
6 calico
ğŸŸ¨â¬›ğŸŸ¨â¬›â¬›â¬›
ğŸŸ¨â¬›ğŸŸ¨â¬›â¬›â¬›
â¬›ğŸŸ©â¬›ğŸŸ©ğŸŸ¨â¬›
â¬›ğŸŸ©ğŸŸ¨ğŸŸ©â¬›ğŸŸ¨
ğŸŸ©ğŸŸ©ğŸŸ©ğŸŸ©ğŸŸ©ğŸŸ©"
83,4/16/2022 23:40:51,37,"researchdle 5/6 40.8
4 butt
ğŸŸ©â¬›â¬›â¬›
ğŸŸ©â¬›â¬›ğŸŸ©
ğŸŸ©â¬›â¬›ğŸŸ©
ğŸŸ©â¬›â¬›ğŸŸ©
ğŸŸ©ğŸŸ©ğŸŸ©ğŸŸ©"
84,4/16/2022 23:44:37,37,"researchdle X/6 203.48
6 pebble
â¬›â¬›â¬›ğŸŸ¨â¬›â¬›
ğŸŸ¨â¬›â¬›â¬›â¬›â¬›
â¬›â¬›â¬›â¬›â¬›â¬›
â¬›ğŸŸ¨â¬›ğŸŸ¨ğŸŸ¨â¬›
ğŸŸ©ğŸŸ¨â¬›â¬›ğŸŸ¨â¬›
ğŸŸ©â¬›ğŸŸ¨â¬›â¬›â¬›"
85,4/16/2022 23:46:14,59,"researchdle X/6 129.709
6 bamboo
ğŸŸ©â¬›â¬›ğŸŸ¨â¬›â¬›
ğŸŸ©ğŸŸ©â¬›â¬›â¬›â¬›
ğŸŸ©ğŸŸ©â¬›â¬›â¬›â¬›
ğŸŸ©ğŸŸ©ğŸŸ¨ğŸŸ¨ğŸŸ©â¬›
ğŸŸ©ğŸŸ©â¬›â¬›â¬›â¬›
ğŸŸ©ğŸŸ©â¬›â¬›ğŸŸ©â¬›
"
86,4/17/2022 0:35:15,59,"researchdle X/6 123.007
5 holly
â¬›â¬›â¬›â¬›â¬›
â¬›â¬›ğŸŸ¨â¬›â¬›
â¬›ğŸŸ©â¬›â¬›â¬›
â¬›ğŸŸ¨â¬›â¬›â¬›
ğŸŸ¨ğŸŸ©â¬›â¬›â¬›
â¬›ğŸŸ©â¬›ğŸŸ©â¬›"
87,4/17/2022 0:42:59,59,"researchdle 4/6 64.375
5 alone
ğŸŸ©â¬›â¬›â¬›ğŸŸ¨
ğŸŸ©â¬›ğŸŸ©â¬›ğŸŸ¨
ğŸŸ©ğŸŸ¨ğŸŸ©â¬›ğŸŸ©
ğŸŸ©ğŸŸ©ğŸŸ©ğŸŸ©ğŸŸ©
"
88,4/17/2022 0:45:13,59,"researchdle X/6 117.995
5 flood
â¬›ğŸŸ¨â¬›â¬›â¬›
â¬›â¬›ğŸŸ©â¬›â¬›
â¬›â¬›ğŸŸ©â¬›ğŸŸ©
â¬›â¬›ğŸŸ©ğŸŸ¨ğŸŸ©
â¬›ğŸŸ©â¬›â¬›â¬›
â¬›ğŸŸ©ğŸŸ©â¬›ğŸŸ©"
89,4/17/2022 18:31:13,29,"researchdle 5/6 575.589
5 marsh
ğŸŸ¨â¬›ğŸŸ¨ğŸŸ¨â¬›
â¬›â¬›â¬›â¬›â¬›
â¬›ğŸŸ¨ğŸŸ¨â¬›ğŸŸ¨
â¬›ğŸŸ©ğŸŸ©ğŸŸ©ğŸŸ©
ğŸŸ©ğŸŸ©ğŸŸ©ğŸŸ©ğŸŸ©"
90,4/17/2022 18:46:49,29,"researchdle 4/6 913.35
7 monster
â¬›â¬›ğŸŸ¨â¬›ğŸŸ¨â¬›â¬›
ğŸŸ¨ğŸŸ©ğŸŸ¨ğŸŸ¨â¬›â¬›ğŸŸ¨
â¬›â¬›ğŸŸ¨â¬›ğŸŸ¨ğŸŸ¨â¬›
ğŸŸ©ğŸŸ©ğŸŸ©ğŸŸ©ğŸŸ©ğŸŸ©ğŸŸ©"
91,4/17/2022 18:56:25,29,"researchdle 6/6 563.015
7 assault
â¬›â¬›â¬›ğŸŸ¨ğŸŸ¨â¬›â¬›
â¬›ğŸŸ¨ğŸŸ©ğŸŸ¨â¬›â¬›ğŸŸ¨
â¬›ğŸŸ¨â¬›ğŸŸ¨â¬›â¬›ğŸŸ¨
â¬›ğŸŸ¨â¬›â¬›â¬›â¬›â¬›
â¬›â¬›ğŸŸ©ğŸŸ¨â¬›â¬›â¬›
ğŸŸ©ğŸŸ©ğŸŸ©ğŸŸ©ğŸŸ©ğŸŸ©ğŸŸ©"
92,4/17/2022 18:58:56,29,"researchdle X/6 139.138
4 alan
â¬›â¬›ğŸŸ¨â¬›
ğŸŸ¨â¬›â¬›â¬›
â¬›ğŸŸ¨â¬›â¬›
â¬›â¬›â¬›â¬›
â¬›ğŸŸ©ğŸŸ©â¬›
â¬›ğŸŸ©ğŸŸ©â¬›"
93,4/17/2022 19:01:41,29,"researchdle 5/6 153.834
7 arrange
â¬›â¬›ğŸŸ¨â¬›â¬›ğŸŸ¨ğŸŸ¨
ğŸŸ¨â¬›â¬›ğŸŸ¨â¬›â¬›â¬›
â¬›ğŸŸ¨ğŸŸ¨â¬›â¬›â¬›â¬›
â¬›ğŸŸ¨â¬›â¬›ğŸŸ©â¬›â¬›
ğŸŸ©ğŸŸ©ğŸŸ©ğŸŸ©ğŸŸ©ğŸŸ©ğŸŸ©"
94,4/17/2022 19:02:59,29,"researchdle X/6 67.215
4 gaze
â¬›â¬›â¬›ğŸŸ©
â¬›â¬›â¬›â¬›
â¬›â¬›â¬›â¬›
â¬›ğŸŸ©â¬›ğŸŸ©
â¬›ğŸŸ©â¬›ğŸŸ©
â¬›ğŸŸ©â¬›ğŸŸ©"
95,4/17/2022 19:06:50,29,"researchdle 4/6 221.354
7 sarcasm
â¬›â¬›â¬›ğŸŸ©ğŸŸ©â¬›â¬›
ğŸŸ¨â¬›â¬›ğŸŸ¨â¬›â¬›ğŸŸ¨
â¬›â¬›ğŸŸ¨â¬›â¬›ğŸŸ©â¬›
ğŸŸ©ğŸŸ©ğŸŸ©ğŸŸ©ğŸŸ©ğŸŸ©ğŸŸ©"
96,4/17/2022 19:13:10,29,"researchdle 6/6 371.091
5 graze
â¬›â¬›ğŸŸ©ğŸŸ¨ğŸŸ©
â¬›ğŸŸ©ğŸŸ©â¬›ğŸŸ©
â¬›ğŸŸ©ğŸŸ©â¬›ğŸŸ©
â¬›ğŸŸ©ğŸŸ©â¬›ğŸŸ©
â¬›ğŸŸ©ğŸŸ©â¬›ğŸŸ©
ğŸŸ©ğŸŸ©ğŸŸ©ğŸŸ©ğŸŸ©"
97,4/17/2022 19:42:00,29,"researchdle 4/6 1020.813
5 masse
ğŸŸ¨â¬›ğŸŸ¨â¬›ğŸŸ©
â¬›â¬›ğŸŸ¨â¬›â¬›
â¬›â¬›ğŸŸ¨ğŸŸ©ğŸŸ©
ğŸŸ©ğŸŸ©ğŸŸ©ğŸŸ©ğŸŸ©"
98,4/17/2022 19:43:33,29,"researchdle X/6 82.703
4 have
â¬›â¬›â¬›ğŸŸ©
â¬›â¬›â¬›â¬›
â¬›â¬›ğŸŸ¨â¬›
â¬›ğŸŸ©â¬›ğŸŸ©
â¬›ğŸŸ©â¬›ğŸŸ©
â¬›ğŸŸ©ğŸŸ©ğŸŸ©"
99,4/17/2022 19:45:29,29,"researchdle 5/6 108.023
5 dress
ğŸŸ¨â¬›â¬›ğŸŸ¨ğŸŸ¨
â¬›â¬›â¬›â¬›â¬›
â¬›ğŸŸ¨ğŸŸ¨ğŸŸ©â¬›
â¬›â¬›ğŸŸ©ğŸŸ©ğŸŸ©
ğŸŸ©ğŸŸ©ğŸŸ©ğŸŸ©ğŸŸ©"
100,4/17/2022 19:46:54,37,"researchdle X/6 217.445
5 vowel
â¬›ğŸŸ¨â¬›â¬›â¬›
â¬›â¬›â¬›ğŸŸ©â¬›
ğŸŸ¨ğŸŸ¨ğŸŸ¨â¬›â¬›
ğŸŸ¨ğŸŸ©â¬›ğŸŸ©â¬›
â¬›ğŸŸ©ğŸŸ©ğŸŸ©ğŸŸ©
â¬›ğŸŸ©ğŸŸ©ğŸŸ©ğŸŸ©"
101,4/17/2022 19:47:35,29,"researchdle 3/6 22.587
5 spade
ğŸŸ©â¬›ğŸŸ©â¬›ğŸŸ©
ğŸŸ©â¬›ğŸŸ©ğŸŸ©ğŸŸ©
ğŸŸ©ğŸŸ©ğŸŸ©ğŸŸ©ğŸŸ©"
102,4/17/2022 19:47:40,29,"researchdle 6/6 57.066
4 pope
â¬›â¬›â¬›ğŸŸ©
ğŸŸ©â¬›â¬›â¬›
ğŸŸ©â¬›â¬›ğŸŸ©
ğŸŸ©ğŸŸ©â¬›ğŸŸ©
ğŸŸ©ğŸŸ©â¬›ğŸŸ©
ğŸŸ©ğŸŸ©ğŸŸ©ğŸŸ©"
103,4/17/2022 19:48:32,37,"researchdle X/6 75.753
4 lite
ğŸŸ¨â¬›â¬›â¬›
â¬›ğŸŸ¨â¬›ğŸŸ¨
ğŸŸ¨ğŸŸ©ğŸŸ¨â¬›
â¬›ğŸŸ©ğŸŸ©ğŸŸ©
â¬›ğŸŸ©ğŸŸ©ğŸŸ©
â¬›ğŸŸ©ğŸŸ©ğŸŸ©"
104,4/17/2022 19:49:47,29,"researchdle 6/6 119.426
4 bold
â¬›â¬›â¬›â¬›
â¬›ğŸŸ©â¬›ğŸŸ¨
ğŸŸ¨ğŸŸ©â¬›ğŸŸ©
â¬›ğŸŸ©ğŸŸ©ğŸŸ©
â¬›ğŸŸ©ğŸŸ©ğŸŸ©
ğŸŸ©ğŸŸ©ğŸŸ©ğŸŸ©"
105,4/17/2022 19:49:57,37,"researchdle X/6 69.627
4 soup
â¬›â¬›â¬›â¬›
â¬›â¬›â¬›â¬›
â¬›ğŸŸ©â¬›â¬›
â¬›ğŸŸ©â¬›ğŸŸ¨
ğŸŸ¨ğŸŸ©â¬›ğŸŸ¨
â¬›ğŸŸ©ğŸŸ¨ğŸŸ¨"
106,4/17/2022 19:51:46,29,"researchdle 6/6 110.051
4 weak
â¬›â¬›â¬›â¬›
â¬›â¬›â¬›â¬›
â¬›â¬›ğŸŸ¨ğŸŸ¨
â¬›ğŸŸ©â¬›ğŸŸ©
ğŸŸ©ğŸŸ©â¬›ğŸŸ©
ğŸŸ©ğŸŸ©ğŸŸ©ğŸŸ©"
107,4/17/2022 19:58:31,29,"researchdle X/6 391.883
5 delta
â¬›â¬›ğŸŸ¨â¬›ğŸŸ¨
ğŸŸ¨ğŸŸ¨â¬›ğŸŸ¨â¬›
â¬›â¬›â¬›â¬›â¬›
â¬›ğŸŸ¨â¬›ğŸŸ¨â¬›
ğŸŸ¨ğŸŸ¨ğŸŸ¨ğŸŸ¨â¬›
ğŸŸ©ğŸŸ©ğŸŸ¨ğŸŸ¨ğŸŸ¨"
108,4/17/2022 20:11:51,37,"researchdle 6/6 1238.325
7 arrears
â¬›ğŸŸ¨ğŸŸ©â¬›â¬›ğŸŸ¨ğŸŸ©
ğŸŸ©ğŸŸ©ğŸŸ©ğŸŸ©â¬›â¬›ğŸŸ©
ğŸŸ©ğŸŸ©ğŸŸ©â¬›â¬›ğŸŸ¨ğŸŸ©
ğŸŸ©ğŸŸ©ğŸŸ©â¬›â¬›ğŸŸ¨ğŸŸ©
ğŸŸ©ğŸŸ©ğŸŸ©ğŸŸ¨â¬›ğŸŸ¨ğŸŸ©
ğŸŸ©ğŸŸ©ğŸŸ©ğŸŸ©ğŸŸ©ğŸŸ©ğŸŸ©"
109,4/17/2022 20:17:11,29,"researchdle X/6 1106.312
7 decease
â¬›â¬›â¬›ğŸŸ¨â¬›ğŸŸ¨â¬›
â¬›â¬›â¬›ğŸŸ¨ğŸŸ©â¬›â¬›
â¬›â¬›â¬›â¬›â¬›â¬›ğŸŸ¨
â¬›â¬›ğŸŸ¨â¬›ğŸŸ¨ğŸŸ¨â¬›
â¬›â¬›â¬›ğŸŸ¨â¬›ğŸŸ¨â¬›
ğŸŸ¨ğŸŸ¨ğŸŸ¨â¬›ğŸŸ¨â¬›â¬›"
110,4/17/2022 20:18:51,29,"researchdle 4/6 89.538
4 arid
â¬›â¬›â¬›â¬›
â¬›ğŸŸ¨â¬›â¬›
â¬›ğŸŸ¨â¬›â¬›
ğŸŸ©ğŸŸ©ğŸŸ©ğŸŸ©"
111,4/17/2022 20:19:32,29,"researchdle 4/6 30.271
4 dump
â¬›â¬›â¬›â¬›
ğŸŸ¨â¬›â¬›â¬›
â¬›ğŸŸ©â¬›ğŸŸ¨
ğŸŸ©ğŸŸ©ğŸŸ©ğŸŸ©"
112,4/17/2022 20:21:29,29,"researchdle X/6 107.82
7 reddish
â¬›â¬›â¬›ğŸŸ¨â¬›ğŸŸ¨ğŸŸ¨
ğŸŸ¨â¬›ğŸŸ¨â¬›â¬›â¬›ğŸŸ¨
â¬›ğŸŸ¨â¬›â¬›â¬›â¬›ğŸŸ¨
â¬›â¬›ğŸŸ¨ğŸŸ¨â¬›â¬›â¬›
â¬›â¬›â¬›â¬›â¬›â¬›â¬›
â¬›ğŸŸ¨â¬›ğŸŸ©ğŸŸ¨ğŸŸ¨ğŸŸ¨"
113,4/17/2022 20:24:11,29,"researchdle 4/6 150.611
7 enlarge
â¬›â¬›ğŸŸ¨â¬›â¬›ğŸŸ¨ğŸŸ¨
ğŸŸ¨ğŸŸ©â¬›â¬›ğŸŸ¨ğŸŸ¨â¬›
â¬›â¬›â¬›ğŸŸ¨â¬›â¬›â¬›
ğŸŸ©ğŸŸ©ğŸŸ©ğŸŸ©ğŸŸ©ğŸŸ©ğŸŸ©"
114,4/17/2022 20:26:41,29,"researchdle X/6 139.2
4 iris
â¬›â¬›â¬›â¬›
â¬›ğŸŸ¨â¬›â¬›
â¬›â¬›â¬›â¬›
â¬›ğŸŸ©ğŸŸ©â¬›
â¬›ğŸŸ©ğŸŸ©â¬›
â¬›ğŸŸ©ğŸŸ©ğŸŸ©"
115,4/17/2022 20:38:42,29,"researchdle X/6 697.038
6 wildly
â¬›â¬›â¬›â¬›â¬›â¬›
â¬›â¬›ğŸŸ©ğŸŸ¨â¬›â¬›
â¬›â¬›â¬›â¬›â¬›ğŸŸ¨
â¬›ğŸŸ¨ğŸŸ¨â¬›â¬›â¬›
ğŸŸ©ğŸŸ©â¬›â¬›â¬›â¬›
ğŸŸ©ğŸŸ©ğŸŸ©ğŸŸ¨â¬›â¬›"
116,4/17/2022 20:42:05,29,"researchdle 5/6 184.239
5 welch
â¬›â¬›â¬›â¬›ğŸŸ¨
ğŸŸ¨â¬›â¬›â¬›â¬›
â¬›â¬›ğŸŸ¨ğŸŸ¨â¬›
ğŸŸ©ğŸŸ¨â¬›ğŸŸ¨ğŸŸ¨
ğŸŸ©ğŸŸ©ğŸŸ©ğŸŸ©ğŸŸ©
"
117,4/17/2022 20:42:23,29,"researchdle 4/6 9.811
4 lake
â¬›â¬›ğŸŸ¨ğŸŸ¨
â¬›â¬›â¬›â¬›
â¬›â¬›ğŸŸ©ğŸŸ©
ğŸŸ©ğŸŸ©ğŸŸ©ğŸŸ©"
118,4/17/2022 20:45:39,29,"researchdle 6/6 183.084
6 ritual
â¬›ğŸŸ¨ğŸŸ¨â¬›â¬›â¬›
â¬›ğŸŸ¨â¬›â¬›ğŸŸ¨â¬›
â¬›ğŸŸ¨ğŸŸ¨â¬›â¬›â¬›
â¬›â¬›ğŸŸ¨ğŸŸ¨â¬›â¬›
ğŸŸ©ğŸŸ©â¬›â¬›ğŸŸ¨â¬›
ğŸŸ©ğŸŸ©ğŸŸ©ğŸŸ©ğŸŸ©ğŸŸ©"
119,4/17/2022 20:47:54,29,"researchdle 5/6 125.903
4 dock
â¬›ğŸŸ©â¬›â¬›
â¬›â¬›ğŸŸ¨â¬›
â¬›â¬›â¬›â¬›
â¬›â¬›â¬›ğŸŸ¨
ğŸŸ©ğŸŸ©ğŸŸ©ğŸŸ©"
120,4/17/2022 20:49:20,29,"researchdle 3/6 77.112
5 scrub
ğŸŸ©â¬›â¬›ğŸŸ¨â¬›
ğŸŸ¨ğŸŸ¨â¬›â¬›â¬›
ğŸŸ©ğŸŸ©ğŸŸ©ğŸŸ©ğŸŸ©"
121,4/17/2022 20:54:44,29,"researchdle 6/6 314.194
4 easy
â¬›â¬›ğŸŸ¨â¬›
â¬›â¬›â¬›ğŸŸ¨
â¬›â¬›â¬›â¬›
â¬›ğŸŸ©â¬›â¬›
â¬›ğŸŸ©â¬›ğŸŸ¨
ğŸŸ©ğŸŸ©ğŸŸ©ğŸŸ©"
122,4/17/2022 20:55:30,29,"researchdle X/6 37.542
7 epitaph
â¬›â¬›â¬›â¬›ğŸŸ¨ğŸŸ¨â¬›
â¬›â¬›â¬›â¬›ğŸŸ©â¬›â¬›
â¬›â¬›â¬›â¬›â¬›ğŸŸ¨â¬›
ğŸŸ¨ğŸŸ¨â¬›â¬›â¬›ğŸŸ¨â¬›
ğŸŸ¨â¬›ğŸŸ¨â¬›â¬›ğŸŸ¨â¬›
ğŸŸ¨ğŸŸ¨â¬›â¬›â¬›â¬›â¬›"
123,4/17/2022 20:57:06,29,"researchdle 6/6 88.602
4 bulb
â¬›ğŸŸ©â¬›â¬›
â¬›â¬›â¬›â¬›
â¬›â¬›â¬›ğŸŸ¨
â¬›ğŸŸ©â¬›â¬›
ğŸŸ©â¬›â¬›â¬›
ğŸŸ©ğŸŸ©ğŸŸ©ğŸŸ©"
124,4/17/2022 23:17:40,37,"researchdle X/6 470.868
7 revival
â¬›ğŸŸ¨ğŸŸ¨â¬›ğŸŸ¨ğŸŸ¨â¬›
ğŸŸ©ğŸŸ©ğŸŸ¨â¬›â¬›â¬›â¬›
ğŸŸ©ğŸŸ©â¬›â¬›ğŸŸ¨ğŸŸ¨â¬›
ğŸŸ©ğŸŸ©ğŸŸ¨ğŸŸ©â¬›â¬›â¬›
ğŸŸ©ğŸŸ©â¬›ğŸŸ©ğŸŸ¨â¬›â¬›
ğŸŸ©ğŸŸ©â¬›ğŸŸ©ğŸŸ¨ğŸŸ¨â¬›"
125,4/17/2022 23:29:01,37,"researchdle 4/6 452.239
6 policy
ğŸŸ¨â¬›â¬›â¬›â¬›â¬›
ğŸŸ¨ğŸŸ©â¬›â¬›ğŸŸ¨â¬›
â¬›ğŸŸ©ğŸŸ©ğŸŸ©ğŸŸ©â¬›
ğŸŸ©ğŸŸ©ğŸŸ©ğŸŸ©ğŸŸ©ğŸŸ©"
126,4/17/2022 23:37:19,37,"researchdle 5/6 93.471
6 placid
â¬›â¬›ğŸŸ©â¬›â¬›â¬›
â¬›â¬›ğŸŸ©ğŸŸ¨â¬›â¬›
â¬›ğŸŸ©ğŸŸ©â¬›â¬›ğŸŸ©
â¬›ğŸŸ©ğŸŸ©â¬›â¬›ğŸŸ©
ğŸŸ©ğŸŸ©ğŸŸ©ğŸŸ©ğŸŸ©ğŸŸ©"
127,4/17/2022 23:52:18,37,"researchdle 3/6 786.968
6 yearly
ğŸŸ¨â¬›â¬›ğŸŸ¨â¬›â¬›
ğŸŸ©ğŸŸ©ğŸŸ©ğŸŸ©â¬›â¬›
ğŸŸ©ğŸŸ©ğŸŸ©ğŸŸ©ğŸŸ©ğŸŸ©"
128,4/18/2022 0:14:39,37,"researchdle 5/6 55.39
4 mute
ğŸŸ¨â¬›â¬›â¬›
â¬›ğŸŸ¨ğŸŸ©â¬›
ğŸŸ©â¬›ğŸŸ©ğŸŸ©
ğŸŸ©â¬›ğŸŸ©ğŸŸ©
ğŸŸ©ğŸŸ©ğŸŸ©ğŸŸ©"
129,4/18/2022 21:45:03,83,"researchdle 5/6 332.69
7 locally
â¬›â¬›ğŸŸ¨â¬›â¬›â¬›â¬›
â¬›â¬›â¬›ğŸŸ©â¬›â¬›â¬›
ğŸŸ¨ğŸŸ¨â¬›â¬›â¬›â¬›ğŸŸ©
â¬›ğŸŸ©ğŸŸ©ğŸŸ©ğŸŸ©ğŸŸ©ğŸŸ©
ğŸŸ©ğŸŸ©ğŸŸ©ğŸŸ©ğŸŸ©ğŸŸ©ğŸŸ©"
130,4/18/2022 21:55:05,83,"researchdle 5/6 589.3
7 burgess
ğŸŸ¨â¬›â¬›ğŸŸ¨â¬›â¬›ğŸŸ¨
ğŸŸ¨ğŸŸ¨â¬›â¬›â¬›ğŸŸ¨â¬›
â¬›â¬›â¬›â¬›ğŸŸ©â¬›â¬›
â¬›ğŸŸ©â¬›ğŸŸ©ğŸŸ©ğŸŸ¨ğŸŸ©
ğŸŸ©ğŸŸ©ğŸŸ©ğŸŸ©ğŸŸ©ğŸŸ©ğŸŸ©"
131,4/18/2022 21:55:55,83,"researchdle 5/6 41.032
4 huge
â¬›â¬›â¬›â¬›
â¬›â¬›â¬›â¬›
â¬›â¬›â¬›â¬›
â¬›ğŸŸ©â¬›ğŸŸ¨
ğŸŸ©ğŸŸ©ğŸŸ©ğŸŸ©"
132,4/18/2022 21:47:29,59,"researchdle 5/6 183.496
7 alchemy
ğŸŸ¨â¬›ğŸŸ¨â¬›â¬›â¬›ğŸŸ¨
ğŸŸ©â¬›â¬›â¬›â¬›â¬›â¬›
ğŸŸ©ğŸŸ©â¬›â¬›â¬›â¬›â¬›
ğŸŸ©ğŸŸ©â¬›â¬›ğŸŸ¨ğŸŸ¨â¬›
ğŸŸ©ğŸŸ©ğŸŸ©ğŸŸ©ğŸŸ©ğŸŸ©ğŸŸ©"
133,4/18/2022 21:49:52,59,"researchdle X/6 122.247
7 primary
â¬›â¬›â¬›â¬›â¬›ğŸŸ¨ğŸŸ¨
ğŸŸ¨â¬›â¬›â¬›â¬›ğŸŸ¨ğŸŸ©
ğŸŸ¨â¬›â¬›â¬›â¬›ğŸŸ©ğŸŸ©
ğŸŸ¨ğŸŸ¨ğŸŸ¨â¬›â¬›ğŸŸ©ğŸŸ©
ğŸŸ¨ğŸŸ¨â¬›ğŸŸ¨â¬›â¬›â¬›
ğŸŸ¨â¬›ğŸŸ¨ğŸŸ¨ğŸŸ¨â¬›â¬›"
134,4/18/2022 21:52:59,59,"researchdle X/6 91.969
4 herb
ğŸŸ¨ğŸŸ¨â¬›ğŸŸ¨
â¬›â¬›â¬›ğŸŸ¨
ğŸŸ¨â¬›ğŸŸ©â¬›
â¬›â¬›ğŸŸ©ğŸŸ©
â¬›ğŸŸ©ğŸŸ©ğŸŸ©
â¬›ğŸŸ©ğŸŸ©ğŸŸ©"
135,4/18/2022 21:53:40,59,"researchdle 5/6 29.425
4 hard
â¬›ğŸŸ¨â¬›â¬›
â¬›â¬›â¬›â¬›
ğŸŸ¨ğŸŸ©â¬›â¬›
â¬›ğŸŸ©ğŸŸ©ğŸŸ©
ğŸŸ©ğŸŸ©ğŸŸ©ğŸŸ©
"
136,4/18/2022 22:23:07,59,"researchdle X/6 197.86
6 murmur
â¬›â¬›â¬›â¬›â¬›ğŸŸ©
â¬›â¬›ğŸŸ¨ğŸŸ¨â¬›â¬›
â¬›â¬›ğŸŸ¨â¬›â¬›ğŸŸ©
â¬›â¬›â¬›â¬›â¬›â¬›
â¬›â¬›â¬›â¬›â¬›â¬›
â¬›â¬›â¬›â¬›â¬›ğŸŸ©"
137,4/19/2022 2:04:40,83,"researchdle 6/6 290.517
7 runaway
â¬›â¬›ğŸŸ¨â¬›ğŸŸ¨â¬›â¬›
â¬›ğŸŸ¨ğŸŸ¨â¬›â¬›ğŸŸ©â¬›
â¬›â¬›ğŸŸ¨â¬›ğŸŸ¨â¬›â¬›
â¬›â¬›ğŸŸ©â¬›â¬›ğŸŸ©â¬›
â¬›ğŸŸ¨ğŸŸ©â¬›â¬›â¬›â¬›
ğŸŸ©ğŸŸ©ğŸŸ©ğŸŸ©ğŸŸ©ğŸŸ©ğŸŸ©"
